Categorie,Nom,Stock,Type,Stock en m2,Nom de la Fourniture,Total,Total en m2
quincailleries,equerre de fixation,,Boites,,,,
produits,bande joint epdm,,Boites,,,,
quincailleries,lingette main,,Boites,,,,
quincailleries,feutre geotextile,,Boites,,,,
quincailleries,ruban signaletique,,Boites,,,,
autres,gaine,,Boites,,,,
quincailleries,disque a ebarbe,,Boites,,,,
produits,caoutchouc liquide,,Boites,,,,
produits,bidon inoprotect,,Boites,,,,
produits,colle epdm,,Boites,,,,
autres,garde corps,,Boites,,,,
produits,bidon oxygen actif,,Boites,,,,
quincailleries,ecrou m14,,Boites,,,,
produits,bidon ad blue,,Boites,,,,
produits,bidon choc plus,,Boites,,,,
autres,mat voile ombrage,,Boites,,,,
produits,bidon ph liquide,,Boites,,,,
quincailleries,disque de pollissage,,Boites,,,,
quincailleries,gant de protection,,Boites,,,,
autres,cable,,Boites,,,,
quincailleries,pied de poteau,,Boites,,,,
quincailleries,abrasif,,Boites,,,,
autres,pare pluie,,Boites,,,,
produits,lazure,,Boites,,,,
produits,colle epdm pot,,Boites,,,,
bois,structure,,m²,,,,
produits,bidon matefloc,,Boites,,,,
autres,wago,,Boites,,,,
quincailleries,vis de fondation,,Boites,,,,
quincailleries,degripant universel,,Boites,,,,
quincailleries,cale caoutchouc,,Boites,,,,
bois,itauba,755,Lames,103.11,125,190,31.92
bois,itauba,755,Lames,103.11,950,565,71.19
autres,luminaire,,Boites,,,,
quincailleries,crayon,,Boites,,,,
produits,bidon algicide ,,Boites,,,,
autres,gaine tpc,,Boites,,,,
produits,degriseur,,Boites,,,,
bois,ipé,,m²,,,,
quincailleries,cale pvc,,Boites,,,,
quincailleries,sangle arrimage,,Boites,,,,
produits,mastic,,Boites,,,,
autres,madrier,,Boites,,,,
produits,bombe de tracage,,Boites,,,,
autres,medicale,,Boites,,,,
produits,silicone,,Boites,,,,
autres,scoth pare pluie,,Boites,,,,
quincailleries,tige Filete,,Boites,,,,
quincailleries,rondelle plate,,Boites,,,,
autres,terreau,,Boites,,,,
quincailleries,vis structure,,Boites,,,,
quincailleries,boulon charpente,,Boites,,,,
produits,saturateur,,Boites,,,,
produits,craie cordex,,Boites,,,,
produits,scellement chimique,,Boites,,,,
quincailleries,disque a tronconner,,Boites,,,,
bois,cumaru,,m²,,,,
quincailleries,chanfrein,,Boites,,,,
quincailleries,agraffes,,Boites,,,,
quincailleries,plot pvc,,Boites,,,,
quincailleries,chevilles,,Boite,,,,
produits,spray inox,,Boites,,,,
quincailleries,plot béton,,Boites,,,,
quincailleries,masque ffp3 ,,Boites,,,,
quincailleries,lames de scie,,Boites,,,,
